Werk;Werk Titel
29819;Spaziergang
29821;Artifex
29823;Das Märchen
29831;Der Ehrentag
29833;Die Toten schweigen
29843;Der grüne Kakadu
29845;Die Gefährtin
29853;Lieutenant Gustl
29855;Reigen. Zehn Dialoge
29857;Der Schleier der Beatrice
29859;Marionetten. Drei Einakter
29863;Lebendige Stunden
29865;Die Frau mit dem Dolche
29869;Literatur
29873;Der Puppenspieler
29877;Die letzten Masken
29893;Excentric
29899;Freiwild. Schauspiel in 3 Akten
29903;Zwischenspiel
29905;Der Ruf des Lebens
29917;Liebelei
29921;Dämmerseelen
29923;Der Weg ins Freie
29931;Komtesse Mizzi oder Der Familientag
29935;Anatol
29937;Der junge Medardus
29941;Fräulein Else
29951;Zum großen Wurstel
29957;Lebendige Stunden
29985;Der einsame Weg
30005;Abschiedssouper
30033;Anatols Hochzeitsmorgen
30051;Der Geist im Wort und der Geist in der Tat
30053;Buch der Sprüche und Bedenken
30057;Das Schicksal des Freiherrn von Leisenbohg
30069;Amerika
30073;Geschichte von einem greisen Dichter
30075;Die Frau des Weisen. Erzählung
30117;Sterben
30143;Das Abenteuer seines Lebens
30145;Denksteine
30151;Morgenandacht
30159;Agonie
30161;Anatols Größenwahn
30163;Weihnachts-Einkäufe
30165;Die Braut
30167;Die griechische Tänzerin. Novellette
30169;Das Himmelbett
30181;Anfang vom Ende
30195;Familie
30201;Doktor Gräsler, Badearzt
30203;Professor Bernhardi
30205;Komödie der Verführung
30207;Das weite Land
30209;Prinzessin Sibylle
30211;Geschwister
30213;Die Hirtenflöte
30215;Der Schleier der Pierrette
30217;Der tapfere Cassian
30219;Das Vermächtnis
30257;Der Sohn. Aus den Papieren eines Arztes
30277;Reichtum
30285;Das Portrait
30287;Ritterlichkeit
30299;Abenteurernovelle
30301;Die griechische Tänzerin
30313;Gesammelte Werke
30319;Der Komödiant
30321;Theaterroman
30349;Das Tagebuch der Redegonda
30389;Halbzwei
30391;Die überspannte Person
30403;Paracelsus
30407;Der Witwer
30451;Liebelei-Walzer
30453;Blumen
30486;Frau Bertha Garlan
30615;Das Wort
30625;Die Quellen des Nil
30647;Andreas Thameyers letzter Brief
30649;Der blinde Geronimo und sein Bruder
30655;Das neue Lied
30683;Die Weissagung
30717;Komödie der Worte
30749;Die Frage an das Schicksal
30751;Die Frau des Richters
30753;Landsknecht
30775;Der Gang zum Weiher
30781;Der Vorige
30797;Jubiläums-Festspiel
30811;[Hermann Bahrs sechzigster Geburtstag]
30817;Therese. Chronik eines Frauenlebens
30819;Die Schwestern oder Casanova in Spa
30843;Kaiser Josef II.
30851;Traumnovelle
30863;Flucht in die Finsternis
30881;Fink und Fliederbusch
30893;Der letzte Brief eines Literaten
30919;Aus der Mode
30945;Im Spiel der Sommerlüfte
30953;Der Sekundant
30955;Die dreifache Warnung. Novellen
30971;Casanovas Heimfahrt
30981;Künstler-Literat. Anläßlich des Marsyas von Hermann Bahr
30983;Der Fall Jacobsohn
31311;Liebelei
31357;Episode
31377;Leben und Nachklang, Werk und Widerhall [Jugend in Wien]
31429;Große Szene
31447;Stunde des Erkennens
31547;Das Haus Delorme. Eine Familienszene
31637;Alkandi's Lied
31881;Tagebuchblatt
31885;Literarisch-kritische Rundschau. Der Friedensengel
31965;Die drei Elixire
31975;Die kleine Komödie
32021;Luisenhof
32049;Zug der Schatten
32051;Die Sängerin
32097;Das Bacchusfest
32129;Viennese Novelettes
32131;Spiel im Morgengrauen
32133;Frau Beate und ihr Sohn
32203;Sylvesternacht
32274;Leutnant Gustl. Äußere Schicksale
32276;[Leseliste]
32278;[Zu den Diagrammen]
32348;Bemerkungen zum Thema »Kunst und Kritik«
33758;Der Tod des Junggesellen
32460;Die Frau des Weisen. Novelletten
32562;Der grüne Kakadu - Paracelsus - Die Gefährtin. Drei Einakter
32586;Er wartet auf den vazierenden Gott
32672;Max Burckhard
32816;Masken und Wunder
33001;Artur Schnitzler läßt sich nicht interviewen!
33019;Ãœber den Patriotismus
33061;Die dreifache Warnung
33097;Der Fall Sandrock
33107;Der Rücktritt des Burgtheatersekretärs Dr. Rosenbaum
33111;Burgtheater [Sandrock als Feodora]
33117;Kritikerschule
33123;Erklärung [Nicht bei Premiere von Ritter Blaubart]
33131;[Der junge Medardus am Burgtheater]
33153;Der Protest aus Wien gegen Tollers Hinrichtung
33163;Eine Erklärung Artur Schnitzlers. Die Dichterkollegen als Publikum
33183;Ein gefälschter Brief Artur Schnitzlers. Die abgelehnte Einladung nach Budapest
33195;Der Burgtheaterring der »Concordia«. Dankbriefe von Frau Wilbrandt-Baudius und Artur Schnitzler
33205;Berichtigung. Ein paar Worte zum Gutachten Maximilian Hardens über den »Reigen«
33213;Liebeslied der Ballerine
33243;Tagebuch
33249;Lieber und verehrter Thomas Mann
33261;Zum Abschied
33794;Die Nächste
33498;Liebelei. Erstes Bild
33502;Bastei-Szene
33558;Der gute Irrtum
33560;Ohnmacht
33586;Vorspiel zu einem Drama »Der junge Medardus«
33688;Aus der Kaffeehausecke
33710;Mein Freund Ypsilon
33728;Albine
33730;Arzt und Schauspielerin
33732;Aus der Kaffeehausecke
33734;Bagatellen
33736;Boxeraufstand
33738;Das Denkmal der Fürstin
33742;Das tiefste Leid
33744;Davos
33746;Der Andere. Aus dem Tagebuch eines Hinterbliebenen
33748;Der Empfindsame
33750;Der Fürst ist im Hause
33752;Der Leuchtkäfer
33754;Der Mörder
33756;Der Oberstabsarzt
33760;Der tote Gabriel
33762;Der Weise
33764;Detektiv
33766;Die Belobung
33768;Die Blasierten
33770;Die Blumenausstellung
33774;Die Erhabenen
33776;Die Fremde
33778;Die geistreiche Frau
33780;Die Gleitenden
33782;Die Gloriole
33784;Die Gouvernante
33786;Die grüne Krawatte
33788;Komödiantinnen
33790;Die Maulwürfe
33792;Die Mörderin
33796;Die neue Szene
33798;Die Sängerin
33800;Die seltsame Umarmung
33802;Die Versäumten
33804;Die Verwandlungen des Pierrot
33806;Ein Abschied
33808;Ein Erfolg
33810;Eltern
33812;Entführter
33814;Erbschaft
33816;Erinnerungen
33818;Ferien
33820;Franzensbadernovelle
33822;Frühlingsnacht im Seziersaal
33824;Gabrielens Reue
33826;Gedankensünde
33828;Geschichte eines Genies
33830;Gespräch, welches in der Kaffeehausecke nach Vorlesung der »Elixiere« geführt wird
33832;Gespräch zwischen einem jungen und einem alten Kritiker
33834;Ich
33836;Jeanette kennt die Kaiserin
33838;Jugend in Wien
33840;Kaiser Joseph
33842;Kleine Szene
33844;Konfuse Ideen zu einem sozialpolitischen Drama
33846;Krankenhausnovelle
33848;Kriegsgeschichte
33850;Kriminalfilm
33852;Künstler
33856;Legende
33858;Luisenhof
33860;Mein Freund Ypsilon
33862;Mein Kritiker
33864;Posten vor dem Winterschloß der Kaiserin
33866;Reporterseele
33868;Süsses Mädel
33870;"Treue	Einakter"
33872;Um eine Stunde
33874;Und einmal wird der Friede wieder kommen
33876;Wahrheit
33878;Welch eine Melodie
33880;Wohltaten, still und rein gegeben
33882;Zug der Schatten
33884;Zwischen zwei Stühlen
35505;Die Geschichte eines Genies
35673;Parabel [An einem schönen Sommertage]
35702;Abendspaziergang
